Train Loss,Valid Loss,Train Accuracy,Valid Accuracy,lr
1.621974955002467,1.5399791731417758,0.3828125,0.47572815533980584,1e-06
